{
    "accuracy": 0.9009304871373837,
    "confusion_matrix": [
        [
            1505,
            298
        ],
        [
            64,
            1787
        ]
    ],
    "classification_report": {
        "0": {
            "precision": 0.9592096876991715,
            "recall": 0.8347199112590128,
            "f1-score": 0.8926453143534994,
            "support": 1803.0
        },
        "1": {
            "precision": 0.8570743405275779,
            "recall": 0.9654240950837385,
            "f1-score": 0.9080284552845529,
            "support": 1851.0
        },
        "accuracy": 0.9009304871373837,
        "macro avg": {
            "precision": 0.9081420141133747,
            "recall": 0.9000720031713756,
            "f1-score": 0.9003368848190261,
            "support": 3654.0
        },
        "weighted avg": {
            "precision": 0.907471174394678,
            "recall": 0.9009304871373837,
            "f1-score": 0.9004379235115125,
            "support": 3654.0
        }
    },
    "roc_auc": 0.9745313126900272
}